Ensembl.Transcript.ID	nonsynon.probability	synon.probability	cds.length	chromosome	chromosome.start	chromosome.stop	Ensembl.Gene.ID	Associated.Gene.Name	S	N	expected.ratio	observed.ratio	odds.ratio	log2.odds.ratio	total.mut	prob.s	p.value	q.value	ranking	or.rank	p.rank	is.significant	is.interesting	cancer.gene	cancer.gene.vogelstein	classification
ENST00000269305	0.173400763267032	0.062975508050559	1182	17	7571720	7590856	ENSG00000141510	TP53	22	2642	2.75346350723872	120.090909090909	43.6144909039819	5.4467356446127	2664	0.266420600086149	2.35290155824959e-314	4.21687017269492e-310	17445	17445	1	TRUE	FALSE	TRUE	TRUE	TSG
ENST00000256078	0.0683933611053959	0.020560094356729	570	12	25362365	25403737	ENSG00000133703	KRAS	7	843	3.32651007912382	120.428571428571	36.2026774499632	5.17802449387932	850	0.231133172398044	2.44504434491549e-84	2.19100423747877e-80	17444	17444	2	TRUE	FALSE	TRUE	TRUE	Oncogene
ENST00000288602	0.313718668873742	0.103130677444509	2301	7	140434279	140624564	ENSG00000157764	BRAF	13	556	3.04195295374202	42.7692307692308	14.0597936324487	3.81350351379086	569	0.247405155736462	6.18125576981125e-51	3.69268219688524e-47	17439	17439	3	TRUE	FALSE	TRUE	TRUE	Oncogene
ENST00000324856	0.99001804292828	0.400475768173963	6858	1	27022524	27108595	ENSG00000117713	ARID1A	49	634	2.47210473543114	12.9387755102041	5.23391073394288	2.38788931896062	683	0.288009745154138	3.97651553913823e-45	1.78167778731089e-41	17350	17350	4	TRUE	FALSE	TRUE	TRUE	TSG
ENST00000263967	0.410457410544243	0.109921344571598	3207	3	178866311	178957881	ENSG00000121879	PIK3CA	26	716	3.73410107148836	27.5384615384615	7.37485703017812	2.88261508138187	742	0.211233343965259	7.95968686541336e-44	2.85307016003876e-40	17410	17410	5	TRUE	FALSE	TRUE	TRUE	Oncogene
ENST00000345146	0.159358781069411	0.0530949475586431	1245	2	209100951	209119857	ENSG00000138413	IDH1	6	331	3.00139256929109	55.1666666666667	18.3803569153557	4.200092876477	337	0.249912994709531	4.88912381649603e-33	1.46038128398737e-29	17441	17441	6	TRUE	FALSE	TRUE	TRUE	Oncogene
ENST00000349496	0.309612008617433	0.0907038029940672	2346	3	41240930	41281936	ENSG00000168036	CTNNB1	31	527	3.41344021306013	17	4.98031280435393	2.31623635818047	558	0.226580615511869	2.47882124290533e-28	6.34649061647848e-25	17333	17333	7	TRUE	FALSE	TRUE	TRUE	Oncogene
ENST00000369535	0.0696324331216519	0.023198047033257	570	1	115247090	115259515	ENSG00000213281	NRAS	4	266	3.00165065713618	66.5	22.1544768515622	4.46952635479324	270	0.24989687648438	7.32441908030557e-28	1.64085298446545e-24	17443	17443	8	TRUE	FALSE	TRUE	TRUE	Oncogene
ENST00000342988	0.213269022767828	0.0647131713327645	1659	18	48556583	48611409	ENSG00000141646	SMAD4	4	264	3.29560456357745	66	20.0266745377836	4.32385097404332	268	0.232796102434341	5.62902895261434e-25	1.12092729876394e-21	17442	17442	9	TRUE	FALSE	TRUE	TRUE	TSG
ENST00000256474	0.116931833344509	0.052643707131156	642	3	10182692	10193904	ENSG00000134086	VHL	17	233	2.22119299184584	13.7058823529412	6.17050495083337	2.62538855424586	250	0.310443988463718	1.01698526218845e-20	1.82264098689413e-17	17387	17387	10	TRUE	FALSE	TRUE	TRUE	TSG
ENST00000257430	1.106976690421	0.281380632309587	8532	5	112073585	112181936	ENSG00000134982	APC	53	619	3.93408985307509	11.6792452830189	2.96872865623284	1.56984523606729	672	0.20267162329376	1.33915825123294e-18	2.18185401623607e-15	16907	16907	11	TRUE	FALSE	TRUE	TRUE	TSG
ENST00000521381	0.29103855357569	0.089703963351009	2175	5	67511548	67597649	ENSG00000145675	PIK3R1	13	243	3.24443360921373	18.6923076923077	5.76134695412604	2.52640614098412	256	0.235602695688117	1.82928699732059e-15	2.7320401304983e-12	17374	17374	12	TRUE	FALSE	TRUE	TRUE	TSG
ENST00000261769	0.368735943936361	0.153821244084504	2649	16	68771128	68869451	ENSG00000039068	CDH1	23	233	2.3971717699396	10.1304347826087	4.22599452807003	2.0792908992342	256	0.294362507321135	2.21175911474472e-15	3.04916514265038e-12	17254	17254	13	TRUE	FALSE	TRUE	TRUE	TSG
ENST00000399503	0.622065570475142	0.207199624395976	4539	5	56111401	56191979	ENSG00000095015	MAP3K1	25	265	3.00225240411788	10.6	3.53068249207198	1.81994708795983	290	0.249859303968713	1.22907221691481e-12	1.57338801939623e-09	17109	17109	14	TRUE	FALSE	TRUE	TRUE	TSG
ENST00000298738	0.266895935029253	0.0974775406483335	2091	13	46115432	46189874	ENSG00000165837	ERICH6B	10	156	2.73802491583291	15.6	5.69753763371231	2.51033854889659	166	0.26752095625804	1.27982913134936e-11	1.52913984613621e-08	17371	17371	15	TRUE	FALSE	FALSE	FALSE	NA
ENST00000335508	0.5200865598818	0.142939562089687	3915	2	198254508	198299815	ENSG00000115524	SF3B1	29	320	3.63850673864157	11.0344827586207	3.03269543008745	1.60060061712925	349	0.215586622235426	4.19228107704866e-11	4.69587884142913e-08	16938	16938	16	TRUE	FALSE	TRUE	TRUE	Oncogene
ENST00000407977	0.331041980911025	0.115115826334099	2352	17	56429861	56494713	ENSG00000108375	RNF43	21	214	2.87572952784308	10.1904761904762	3.54361426963525	1.82522157184696	235	0.258015940693498	1.0850360402872e-10	1.14388328906043e-07	17115	17115	17	TRUE	FALSE	TRUE	TRUE	TSG
ENST00000281708	0.274864244450848	0.0790712585554232	2124	4	153242410	153457253	ENSG00000109670	FBXW7	16	218	3.47615871395532	13.625	3.91955636125052	1.97069037075784	234	0.223405840566444	2.62295253628581e-10	2.61158640862857e-07	17197	17197	18	TRUE	FALSE	TRUE	TRUE	TSG
ENST00000379328	0.205131227321394	0.10633002656609	1335	10	8096656	8117161	ENSG00000107485	GATA3	35	191	1.92919379356963	5.45714285714286	2.828716780726	1.50014773718081	226	0.341390863996527	3.81115390917831e-10	3.5949210715944e-07	16826	16826	19	TRUE	FALSE	TRUE	TRUE	TSG
ENST00000267163	0.364680145583125	0.108987179219362	2787	13	48877911	49056122	ENSG00000139687	RB1	18	214	3.34608298145895	11.8888888888889	3.55307652403322	1.82906876090509	232	0.230092247264065	1.06426220570607e-09	9.53685362533206e-07	17118	17118	20	TRUE	FALSE	TRUE	TRUE	TSG
ENST00000241416	0.181563798151365	0.0547680252410123	1542	2	148602086	148688393	ENSG00000121989	ACVR2A	7	141	3.31514231802908	20.1428571428571	6.07601581184378	2.60312562422428	148	0.231742066958465	1.82667313882996e-09	1.5589350473386e-06	17385	17385	21	TRUE	FALSE	FALSE	FALSE	NA
ENST00000319555	0.551759208541992	0.29884058079172	3021	16	88519725	88603424	ENSG00000179588	ZFPM1	16	112	1.8463329413971	7	3.7912988730533	1.9226921905302	128	0.351329243833702	8.45547925892422e-09	6.88814087629272e-06	17171	17171	22	TRUE	FALSE	FALSE	FALSE	NA
ENST00000373344	0.966641237612489	0.23610645061864	7479	X	76760356	77041702	ENSG00000085224	ATRX	42	395	4.09409075897638	9.40476190476191	2.29715520696305	1.19984833549307	437	0.196305886038226	1.62391837045321e-08	1.26538543631576e-05	16362	16362	23	TRUE	FALSE	TRUE	TRUE	TSG
ENST00000358485	0.202891026999088	0.0746585350493732	1617	2	202122759	202152434	ENSG00000064012	CASP8	15	150	2.71758650052418	10	3.67973567651707	1.8796021380557	165	0.268991723490227	1.79030185975738e-08	1.33690791377383e-05	17153	17153	24	TRUE	FALSE	TRUE	TRUE	TSG
ENST00000296302	0.670027778736804	0.194138069963314	5070	3	52582006	52713729	ENSG00000163939	PBRM1	23	233	3.45129514712605	10.1304347826087	2.93525599832992	1.55348633345974	256	0.224653716940258	1.99387505534127e-08	1.42936914967305e-05	16890	16890	25	TRUE	FALSE	TRUE	TRUE	TSG
ENST00000311189	0.0856126584278386	0.0385531960917835	570	11	532376	535534	ENSG00000174775	HRAS	3	67	2.22063712238075	22.3333333333333	10.057173731019	3.33015303053662	70	0.310497569891011	3.83589344345162e-08	2.64411085744384e-05	17433	17433	26	TRUE	FALSE	TRUE	TRUE	Oncogene
ENST00000397062	0.228306972884507	0.0704426271178553	1818	2	178095033	178129859	ENSG00000116044	NFE2L2	10	142	3.24103433142172	14.2	4.38131736598144	2.13136472179263	152	0.235791536180461	4.59763776341266e-08	3.05180977762525e-05	17275	17275	27	TRUE	FALSE	TRUE	TRUE	Oncogene
ENST00000282388	0.286211407047264	0.163495621331797	1485	2	43449541	43453748	ENSG00000152518	ZFP36L2	13	92	1.75057536535752	7.07692307692308	4.04262690825526	2.01529306424604	105	0.363560298181476	6.3319758602135e-08	4.05291683452665e-05	17222	17222	28	TRUE	FALSE	FALSE	FALSE	NA
ENST00000409792	1.01520615576985	0.274220594950016	7695	3	47058179	47205457	ENSG00000181555	SETD2	30	280	3.70215138638619	9.33333333333333	2.52105663956761	1.33402853101097	310	0.21266861013774	9.76655599365777e-08	5.83454055061115e-05	16604	16604	30	TRUE	FALSE	TRUE	TRUE	TSG
ENST00000334344	0.686748134753536	0.209930859929617	5508	12	46123448	46301823	ENSG00000189079	ARID2	48	328	3.27130625284811	6.83333333333333	2.08886995137921	1.06272267606199	376	0.234120416753821	2.61037010594547e-07	0.000150913074318564	16028	16028	31	TRUE	FALSE	TRUE	TRUE	TSG
ENST00000460680	0.310936041500601	0.132315514007598	2190	3	52435029	52444366	ENSG00000163930	BAP1	19	133	2.34995906438262	7	2.97877529276836	1.57471929638502	152	0.298511110369133	7.44195517256886e-07	0.000416796001883685	16913	16913	32	TRUE	FALSE	TRUE	TRUE	TSG
ENST00000420124	1.31936669327579	0.514581075297291	8148	19	36208921	36229779	ENSG00000272333	KMT2B	73	336	2.56396271960361	4.6027397260274	1.79516640036755	0.844117578788425	409	0.280586548927544	1.97913659579993e-06	0.00107485109302807	15232	15232	33	TRUE	FALSE	FALSE	FALSE	NA
ENST00000371953	0.149944995906567	0.0414747560785425	1212	10	89622870	89731687	ENSG00000171862	PTEN	6	109	3.615331591646	18.1666666666667	5.02489639087176	2.32909384944251	115	0.216669155865215	2.04652094972688e-06	0.00107875730767662	17336	17336	34	TRUE	FALSE	TRUE	TRUE	TSG
ENST00000541224	0.229249116202235	0.0934355416497843	1641	12	52345485	52388001	ENSG00000135503	ACVR1B	9	89	2.45355367084517	9.88888888888889	4.03043512208253	2.01093559919589	98	0.289556814605773	3.1688079981898e-06	0.00162261076981593	17218	17218	35	TRUE	FALSE	FALSE	TRUE	TSG
ENST00000245479	0.270138149595773	0.141313583670688	1530	17	70117161	70122561	ENSG00000125398	SOX9	11	77	1.91162195861718	7	3.66181188097652	1.87255767716653	88	0.343451180892636	4.71767259111814e-06	0.00234861467161165	17147	17147	36	TRUE	FALSE	FALSE	TRUE	TSG
ENST00000347630	0.150979316009683	0.0498777948624915	1125	17	47676248	47755525	ENSG00000121067	SPOP	7	95	3.0269845815341	13.5714285714286	4.48348123549095	2.1646193597042	102	0.248324765032759	4.88128660498976e-06	0.00236438969012504	17285	17285	37	TRUE	FALSE	TRUE	TRUE	Oncogene
ENST00000375333	0.177069355146558	0.0763087863086482	1107	6	31939721	31949223	ENSG00000204344	STK19	3	53	2.32043207226964	17.6666666666667	7.61352460078123	2.92856448879854	56	0.301165624905093	6.96411036563438e-06	0.00328449436770788	17415	17415	38	TRUE	FALSE	FALSE	FALSE	NA
ENST00000404338	0.601978397185218	0.222664071945625	4500	19	47421933	47508334	ENSG00000160007	ARHGAP35	38	216	2.70352729978019	5.68421052631579	2.10251641504709	1.07211706412588	254	0.270012860458556	7.21546956355409e-06	0.00331578578251324	16053	16053	39	TRUE	FALSE	FALSE	FALSE	NA
ENST00000366661	0.345119481955435	0.122119219788481	2583	1	231041989	231114584	ENSG00000143643	TTC13	8	91	2.82608652882984	11.375	4.02500060913206	2.0089890015606	99	0.26136366557968	9.3985183337733e-06	0.00419975834712965	17215	17215	40	TRUE	FALSE	FALSE	FALSE	NA
ENST00000278616	1.12224782721335	0.319985406510714	9171	11	108093559	108239826	ENSG00000149311	ATM	55	354	3.50718440397303	6.43636363636364	1.83519396045225	0.87593254862422	409	0.22186800236496	9.6077498176719e-06	0.00419975834712965	15354	15354	41	TRUE	FALSE	TRUE	TRUE	TSG
ENST00000497454	0.353485354663983	0.136813448530204	2334	6	33259431	33267101	ENSG00000237441	RGL2	8	84	2.5837032723135	10.5	4.06393416477662	2.0228770308208	92	0.279040959592181	1.11892408313849e-05	0.00477460890904954	17225	17225	42	TRUE	FALSE	FALSE	FALSE	NA
ENST00000412916	0.0968169775276275	0.0325932255653773	564	16	67063148	67134925	ENSG00000067955	CBFB	2	55	2.9704632127749	27.5	9.25781537429326	3.21067179170223	57	0.251859782199346	2.16185706204313e-05	0.00901041913161325	17430	17430	43	TRUE	FALSE	TRUE	FALSE	NA
ENST00000358273	1.04447617060112	0.339664200936326	8520	17	29421945	29704695	ENSG00000196712	NF1	36	224	3.07502576875012	6.22222222222222	2.02346994469296	1.01683142031228	260	0.245397221207442	2.65415552364595e-05	0.0108108580215415	15866	15866	44	TRUE	FALSE	TRUE	TRUE	TSG
ENST00000319264	0.100937782474393	0.0420998152924886	687	9	12775020	12822130	ENSG00000153714	LURAP1L	5	60	2.39758254930876	12	5.00504143369732	2.32338201230647	65	0.294326917885616	2.98116250628602e-05	0.0118729765417018	17335	17335	45	TRUE	FALSE	FALSE	FALSE	NA
ENST00000366592	0.167827522906807	0.0825243434074662	1200	1	236305832	236372206	ENSG00000077585	GPR137B	3	42	2.03367292579542	14	6.88409617024541	2.78326725184747	45	0.329633426035143	4.49924360289861e-05	0.0175294443154672	17406	17406	46	TRUE	FALSE	FALSE	FALSE	NA
ENST00000262367	1.01895623030345	0.410807087090106	7329	16	3775055	3930727	ENSG00000005339	CREBBP	68	286	2.48037646458606	4.20588235294118	1.69566290157614	0.761849390088317	354	0.287325239144477	4.75258911118674e-05	0.0181225323512104	14856	14856	47	TRUE	FALSE	TRUE	TRUE	TSG
ENST00000290583	0.188633268959249	0.0970377781121952	1398	1	151674881	151689290	ENSG00000159409	CELF3	6	51	1.94391578856176	8.5	4.37261739938275	2.12849711924895	57	0.339683629499656	6.65425181227083e-05	0.0248453127040662	17274	17274	48	TRUE	FALSE	FALSE	FALSE	NA
ENST00000399959	0.290582333035271	0.0761581606465013	1989	X	41192651	41209462	ENSG00000215301	DDX3X	7	102	3.81551143788844	14.5714285714286	3.81899748136848	1.93319396850235	109	0.207662262440496	7.29528521161602e-05	0.0266828778699148	17179	17179	49	TRUE	FALSE	FALSE	FALSE	NA
ENST00000544417	0.0494018374277865	0.0161289731260628	369	15	45003715	45008550	ENSG00000166710	B2M	5	70	3.06292514977027	14	4.57079403362176	2.19244481054831	75	0.246128088295336	7.80573353804918e-05	0.0279788712937835	17299	17299	50	TRUE	FALSE	FALSE	TRUE	TSG
ENST00000328913	0.463215071576396	0.170490134409286	3345	3	182895831	183146063	ENSG00000053524	MCF2L2	25	150	2.7169611495782	6	2.2083495750138	1.14296856442575	175	0.26903697933821	7.98422706101652e-05	0.0280575132132428	16243	16243	51	TRUE	FALSE	FALSE	FALSE	NA
ENST00000396554	0.328851644115129	0.137764440108082	2331	11	10472228	10528565	ENSG00000133805	AMPD3	21	117	2.38705752991941	5.57142857142857	2.33401520558101	1.22281395990767	138	0.295241516025797	0.000117014809498374	0.0395686682232049	16417	16417	53	TRUE	FALSE	FALSE	FALSE	NA
ENST00000295092	0.154404608703762	0.0790757671000159	879	2	14772810	14780170	ENSG00000162981	FAM84A	1	28	1.95261600824523	28	14.3397369896414	3.84194665817266	29	0.338682712959452	0.000123738349546799	0.041067383344032	17440	17440	54	TRUE	FALSE	FALSE	FALSE	NA
ENST00000373114	0.271212589149917	0.0818213072230958	2163	X	86772817	86924596	ENSG00000102271	KLHL4	19	147	3.31469391475771	7.73684210526316	2.33410453701837	1.22286917615267	166	0.231766150683288	0.00014959248419634	0.0487453909412145	16418	16418	55	TRUE	FALSE	FALSE	FALSE	NA
ENST00000334801	0.656833991782744	0.281823017380787	4500	11	118764584	118781613	ENSG00000186174	BCL9L	33	153	2.33066127063447	4.63636363636364	1.98929106291859	0.99225437939329	186	0.300240678575371	0.000157568400197287	0.050427515505996	15782	15782	56	TRUE	FALSE	FALSE	FALSE	NA
ENST00000436581	0.269663823570129	0.101238687002111	1848	8	92972359	93107706	ENSG00000079102	RUNX1T1	43	209	2.66364402340093	4.86046511627907	1.82474274849732	0.867693087758565	252	0.272952282921775	0.000167709795175266	0.0518223267091572	15319	15319	58	TRUE	FALSE	TRUE	FALSE	NA
ENST00000003302	0.431440443285615	0.131313000913246	3234	11	113668596	113746292	ENSG00000048028	USP28	16	131	3.28558817698983	8.1875	2.49194346916027	1.31727134055806	147	0.233340199454814	0.000182615520433616	0.0554717857154451	16577	16577	59	TRUE	FALSE	FALSE	FALSE	NA
ENST00000359867	0.205128796847942	0.0992869132468373	1251	22	38686697	38714089	ENSG00000213923	CSNK1E	3	39	2.06602048688906	13	6.29228997606648	2.65358515794262	42	0.326155681045253	0.000189055378163349	0.0564708414573924	17390	17390	60	TRUE	FALSE	FALSE	FALSE	NA
ENST00000234389	0.553607783385595	0.291573364035146	3132	19	1000418	1009731	ENSG00000116032	GRIN3B	19	87	1.89869121007522	4.57894736842105	2.41163352109248	1.27001068772177	106	0.344983279531196	0.000207704333858032	0.0610242142853057	16499	16499	61	TRUE	FALSE	FALSE	FALSE	NA
ENST00000414478	0.488509361722796	0.184986362842865	3207	1	204190349	204329044	ENSG00000143850	PLEKHA6	25	140	2.64078580829094	5.6	2.12058092042845	1.08445953658838	165	0.274665979449481	0.000228827028259497	0.0661457742010758	16089	16089	62	TRUE	FALSE	FALSE	FALSE	NA
ENST00000301067	2.33380619271724	0.856750578766083	16614	12	49412758	49449107	ENSG00000167548	KMT2D	166	620	2.72402056159502	3.73493975903614	1.37111290997348	0.455347380709776	786	0.268526981379419	0.000244503798137376	0.0686708737495439	12605	12605	63	TRUE	FALSE	TRUE	TRUE	TSG
ENST00000375116	0.0619319674247543	0.0292093098691788	429	1	20246502	20250110	ENSG00000188784	PLA2G2E	1	29	2.12028177667093	29	13.6774273679478	3.77372498939932	30	0.320483876641074	0.000245225751588596	0.0686708737495439	17438	17438	64	TRUE	FALSE	FALSE	FALSE	NA
ENST00000355193	1.95379615279763	0.56351579010504	14907	7	151832014	152133090	ENSG00000055609	KMT2C	89	464	3.46715422549817	5.21348314606742	1.50367788883644	0.588495552422072	553	0.223856162004006	0.000283283134963924	0.0781076976126683	13736	13736	65	TRUE	FALSE	TRUE	TRUE	TSG
ENST00000369604	0.293522367833642	0.0881837970328089	2289	1	114239827	114302098	ENSG00000116793	PHTF1	6	76	3.32852947718317	12.6666666666667	3.80548429974731	1.9280800680212	82	0.231025341347741	0.000317666150382289	0.0834619848151636	17178	17178	66	TRUE	FALSE	FALSE	FALSE	NA
ENST00000357628	0.231418578298376	0.071243091135243	1905	7	124462440	124570035	ENSG00000128513	POT1	8	85	3.24829502216667	10.625	3.27094673590114	1.70970826676495	93	0.235388548766557	0.000323550320448866	0.0834619848151636	17024	17024	67	TRUE	FALSE	TRUE	FALSE	NA
ENST00000402010	0.351468688802588	0.138334332711075	2367	11	63606400	63678491	ENSG00000072518	MARK2	14	92	2.54071915420062	6.57142857142857	2.58644429887652	1.37097012229755	106	0.282428500101067	0.000325986995707034	0.0834619848151636	16658	16658	70	TRUE	FALSE	FALSE	FALSE	NA
ENST00000423777	0.127783475009244	0.0573037525219403	849	19	50432400	50437192	ENSG00000169136	ATF5	3	39	2.22993206178458	13	5.8297740199297	2.54343996118813	42	0.309604035277289	0.000336209688733165	0.0848669019926168	17377	17377	71	TRUE	FALSE	FALSE	FALSE	NA
ENST00000256452	0.151796747828027	0.0535909314194431	1263	3	3111421	3151664	ENSG00000091181	IL5RA	7	69	2.83250810925361	9.85714285714286	3.48000516748398	1.79908944834354	76	0.260925736226231	0.000353888479824789	0.0880887407697204	17090	17090	72	TRUE	FALSE	FALSE	FALSE	NA
ENST00000171111	0.292727794564898	0.142975269571245	1875	19	10596796	10614417	ENSG00000079999	KEAP1	26	112	2.04740159219654	4.30769230769231	2.10398014933202	1.07312109313053	138	0.328148414229582	0.000366498448340154	0.0887619620425978	16056	16056	74	TRUE	FALSE	FALSE	FALSE	NA
ENST00000383202	0.495274052668878	0.137441022345699	3777	3	136055077	136471210	ENSG00000118007	STAG1	16	137	3.60353877041993	8.5625	2.37613649956712	1.24861771559664	153	0.217224194227603	0.000377106749611207	0.090113428887094	16462	16462	75	TRUE	FALSE	FALSE	FALSE	NA
ENST00000313375	0.384169845029317	0.177035859300217	2559	7	73007524	73038870	ENSG00000009950	MLXIPL	19	96	2.17001146856831	5.05263157894737	2.32838934361987	1.21933231990602	115	0.315456271977349	0.000391021432383016	0.0916094687998056	16404	16404	76	TRUE	FALSE	FALSE	FALSE	NA
ENST00000330062	0.193884633251361	0.0922096331940029	1359	15	90626277	90645736	ENSG00000182054	IDH2	10	63	2.10265052072641	6.3	2.9962183148836	1.58314274740315	73	0.322305072169673	0.000393590508737029	0.0916094687998056	16922	16922	77	TRUE	FALSE	TRUE	TRUE	Oncogene
ENST00000376980	0.232579956095995	0.0866313857423864	1665	10	22045466	22292654	ENSG00000136770	DNAJC1	5	56	2.68470778924872	11.2	4.17177617797063	2.06066175718801	61	0.271391941287125	0.00042683723624355	0.0969898095209872	17238	17238	78	TRUE	FALSE	FALSE	FALSE	NA
ENST00000447079	0.63150235153708	0.202305926381513	4473	17	37618292	37691399	ENSG00000167258	CDK12	27	169	3.12152176079201	6.25925925925926	2.00519481807845	1.00374241095532	196	0.242628829359337	0.000427530127896328	0.0969898095209872	15829	15829	79	TRUE	FALSE	TRUE	FALSE	NA
ENST00000355673	0.416366826038864	0.158126561545539	3012	12	57916527	57923931	ENSG00000166987	MBD6	24	132	2.63312388487594	5.5	2.0887737305452	1.06265621882885	156	0.275245224684692	0.000437910747735056	0.0981029552613459	16027	16027	80	TRUE	FALSE	FALSE	FALSE	NA
ENST00000287202	0.224888730502978	0.119851773323082	1446	15	72577068	72612470	ENSG00000140488	CELF6	5	40	1.87639051361176	8	4.2635048205404	2.0920398878074	45	0.347657939792168	0.000457461146338082	0.100936324048755	17262	17262	81	FALSE	TRUE	FALSE	FALSE	NA
ENST00000336440	0.153706616323012	0.0697661500861738	1017	14	69255322	69261453	ENSG00000185650	ZFP36L1	7	54	2.20316895992049	7.71428571428571	3.50144989087179	1.80795244126664	61	0.312190837421458	0.000461822261577831	0.100936324048755	17099	17099	82	FALSE	TRUE	FALSE	FALSE	NA
ENST00000357033	1.41617883367824	0.451690534487254	11058	X	31137345	33229636	ENSG00000198947	DMD	113	505	3.13528561160982	4.46902654867257	1.42539695016108	0.511363742632224	618	0.241821265547535	0.000497341016373519	0.107389707174051	13101	13101	83	FALSE	TRUE	FALSE	FALSE	NA
ENST00000262320	0.411172626126743	0.185619812215704	2589	16	337440	402659	ENSG00000103126	AXIN1	33	139	2.21513329433244	4.21212121212121	1.90152042899548	0.927153438654097	172	0.311029095360611	0.000515332066128957	0.108345316077142	15547	15547	85	FALSE	TRUE	TRUE	TRUE	TSG
ENST00000215739	0.387068800972074	0.182398525548089	2523	22	21336302	21353327	ENSG00000099949	LZTR1	26	113	2.12210487891266	4.34615384615385	2.048039137623	1.03424328521834	139	0.32029673530643	0.000519902755419829	0.108345316077142	15927	15927	86	FALSE	TRUE	TRUE	FALSE	NA
ENST00000324109	0.649235750833516	0.238891446471849	4734	10	101635334	101769676	ENSG00000107554	DNMBP	25	138	2.71770195384548	5.52	2.03112780346989	1.02228102034861	163	0.26898336994595	0.000543038659617636	0.109195811100698	15882	15882	88	FALSE	TRUE	FALSE	FALSE	NA
ENST00000368468	0.282238904082218	0.118179158730469	1962	6	119498374	119670926	ENSG00000111885	MAN1A1	14	85	2.38822908467237	6.07142857142857	2.54223039590086	1.34609478406485	99	0.295139429775805	0.000554448097877667	0.109195811100698	16620	16620	91	FALSE	TRUE	FALSE	FALSE	NA
ENST00000409979	0.215091608739879	0.072786371429514	1755	2	228336868	228419275	ENSG00000173744	AGFG1	3	48	2.95510827804039	16	5.41435321300985	2.43678900687977	51	0.252837578569521	0.000561961385727505	0.109472521250091	17360	17360	92	FALSE	TRUE	FALSE	FALSE	NA
ENST00000424560	1.03179608531659	0.296890619419169	7860	15	72118369	72410422	ENSG00000066933	MYO9A	32	208	3.47534080846061	6.5	1.87032016663688	0.903285255825276	240	0.223446669828922	0.000607349045102569	0.114681875337676	15449	15449	94	FALSE	TRUE	FALSE	FALSE	NA
ENST00000380733	0.208581811088005	0.0563421127097228	1593	9	15464064	15511017	ENSG00000164985	PSIP1	2	51	3.70205874534078	25.5	6.88805925408207	2.78409755347846	53	0.212672800183726	0.000607899685140005	0.114681875337676	17407	17407	95	FALSE	TRUE	TRUE	FALSE	NA
ENST00000267101	0.545819844307649	0.195038931991242	4029	12	56473645	56497289	ENSG00000065361	ERBB3	31	165	2.7985173971941	5.32258064516129	1.90192873215578	0.927463187475153	196	0.263260608135869	0.000614932454246164	0.114800202552081	15548	15548	96	FALSE	TRUE	TRUE	FALSE	NA
ENST00000561639	0.304743566251918	0.117505476332012	2139	16	67841008	67861970	ENSG00000102904	TSNAXIP1	9	71	2.5934413932408	7.88888888888889	3.04186125410408	1.60495435011008	80	0.278284766764523	0.000632675757102109	0.115315058139259	16944	16944	97	FALSE	TRUE	FALSE	FALSE	NA
ENST00000404115	0.338363944703615	0.103547355661739	2742	X	119660496	119709649	ENSG00000158290	CUL4B	9	87	3.26772173505769	9.66666666666667	2.95822822456332	1.56473335931473	96	0.23431705769038	0.000636993123300226	0.115315058139259	16901	16901	99	FALSE	TRUE	FALSE	FALSE	NA
ENST00000269216	0.322037449493861	0.172909853488476	1788	18	19749404	19782491	ENSG00000141448	GATA6	8	49	1.86245863377198	6.125	3.28866364542831	1.7175014612329	57	0.349350026652527	0.000697475621081933	0.123763941396341	17032	17032	101	FALSE	TRUE	FALSE	FALSE	NA
ENST00000368408	0.111580380597348	0.0581378858702522	717	1	155051348	155060014	ENSG00000143590	EFNA3	0	18	1.91923698165367	Inf	Inf	Inf	18	0.34255526573712	0.000728585622676876	0.128016779702108	17593	17593	102	FALSE	TRUE	FALSE	FALSE	NA
ENST00000502818	0.218499219122455	0.0823840555831699	1728	3	131253867	131756806	ENSG00000196353	CPNE4	16	99	2.65220275423163	6.1875	2.33296643332707	1.22216555000494	115	0.273807361554982	0.000754906493095355	0.131353729798592	16412	16412	103	FALSE	TRUE	FALSE	FALSE	NA
ENST00000359013	0.241557922991554	0.100792620728417	1779	3	30648093	30735634	ENSG00000163513	TGFBR2	20	105	2.39658341301021	5.25	2.19061851613409	1.13133826899257	125	0.294413496859703	0.000767931924048537	0.131798440222961	16206	16206	104	FALSE	TRUE	TRUE	FALSE	NA
ENST00000541395	0.273835907108125	0.135654273441376	1989	12	121416549	121440315	ENSG00000135100	HNF1A	24	101	2.01863089279281	4.20833333333333	2.08474632403502	1.05987184442669	125	0.331276010719817	0.000804577847019326	0.135776801031494	16013	16013	106	FALSE	TRUE	TRUE	TRUE	TSG
ENST00000393437	0.364909791965378	0.15386174189203	2265	2	100889753	100939195	ENSG00000170500	LONRF2	13	79	2.37167334438114	6.07692307692308	2.56229345045356	1.35743571192867	92	0.296588636519754	0.000818206367113122	0.135776801031494	16641	16641	108	FALSE	TRUE	FALSE	FALSE	NA
ENST00000505139	0.11141419446623	0.0568414579184596	702	1	155036224	155059283	ENSG00000251246	RP11-540D14.8	0	19	1.96008685466964	Inf	Inf	Inf	19	0.337827925022695	0.000842377592065697	0.138442239500201	17889	17889	109	FALSE	TRUE	FALSE	FALSE	NA
ENST00000370396	0.251690904447398	0.0801325296323001	1812	X	149737069	149841795	ENSG00000171100	MTM1	8	76	3.14093297194434	9.5	3.02457902949746	1.59673435748819	84	0.241491472278156	0.000849718019474505	0.138442239500201	16932	16932	110	FALSE	TRUE	FALSE	FALSE	NA
ENST00000418115	0.075613766566637	0.028896712556561	582	3	49396578	49449635	ENSG00000067560	RHOA	5	52	2.6166909615976	10.4	3.97448539114087	1.99076807506094	57	0.276495838493834	0.000897795558977367	0.143663321499932	17209	17209	112	FALSE	TRUE	TRUE	FALSE	NA
ENST00000424269	0.195364518814932	0.0724330115647549	1644	11	114392438	114421923	ENSG00000095110	NXPE1	5	53	2.69717514976271	10.6	3.93003769181714	1.97454314900727	58	0.27047677199285	0.000929076058558177	0.147353107269731	17200	17200	113	FALSE	TRUE	FALSE	FALSE	NA
ENST00000340010	0.279486253228769	0.112389671598281	2295	7	107405917	107443652	ENSG00000091138	SLC26A3	21	110	2.48676100974606	5.23809523809524	2.10639270020971	1.07477442678644	131	0.286799123084386	0.000958139001883864	0.150629536769847	16058	16058	114	FALSE	TRUE	FALSE	FALSE	NA
ENST00000264010	0.310472244052941	0.0926087475865886	2184	16	67596310	67673086	ENSG00000102974	CTCF	20	142	3.35251530923309	7.1	2.11781284948828	1.0825751044177	162	0.229752207391133	0.000990478369775576	0.152454719592055	16083	16083	115	FALSE	TRUE	TRUE	FALSE	NA
ENST00000373534	0.104149203577664	0.0462786710896603	807	1	32827798	32829913	ENSG00000162526	TSSK3	0	20	2.25047956489255	Inf	Inf	Inf	20	0.307646911797477	0.000990611527781067	0.152454719592055	17636	17636	116	FALSE	TRUE	FALSE	FALSE	NA
